{
  "hash": "678fc944",
  "configHash": "914de7ac",
  "lockfileHash": "f956deb1",
  "browserHash": "e4b89659",
  "optimized": {
    "@angular/common": {
      "src": "../../../../../node_modules/@angular/common/fesm2022/common.mjs",
      "file": "@angular_common.js",
      "fileHash": "5e504c33",
      "needsInterop": false
    },
    "@angular/common/http": {
      "src": "../../../../../node_modules/@angular/common/fesm2022/http.mjs",
      "file": "@angular_common_http.js",
      "fileHash": "6eb094a2",
      "needsInterop": false
    },
    "@angular/core": {
      "src": "../../../../../node_modules/@angular/core/fesm2022/core.mjs",
      "file": "@angular_core.js",
      "fileHash": "3ea609d2",
      "needsInterop": false
    },
    "@angular/forms": {
      "src": "../../../../../node_modules/@angular/forms/fesm2022/forms.mjs",
      "file": "@angular_forms.js",
      "fileHash": "174f8844",
      "needsInterop": false
    },
    "@angular/material/button": {
      "src": "../../../../../node_modules/@angular/material/fesm2022/button.mjs",
      "file": "@angular_material_button.js",
      "fileHash": "ea42a511",
      "needsInterop": false
    },
    "@angular/material/form-field": {
      "src": "../../../../../node_modules/@angular/material/fesm2022/form-field.mjs",
      "file": "@angular_material_form-field.js",
      "fileHash": "610ec77b",
      "needsInterop": false
    },
    "@angular/material/icon": {
      "src": "../../../../../node_modules/@angular/material/fesm2022/icon.mjs",
      "file": "@angular_material_icon.js",
      "fileHash": "0ed7cbae",
      "needsInterop": false
    },
    "@angular/material/input": {
      "src": "../../../../../node_modules/@angular/material/fesm2022/input.mjs",
      "file": "@angular_material_input.js",
      "fileHash": "13f03415",
      "needsInterop": false
    },
    "@angular/material/stepper": {
      "src": "../../../../../node_modules/@angular/material/fesm2022/stepper.mjs",
      "file": "@angular_material_stepper.js",
      "fileHash": "53559154",
      "needsInterop": false
    },
    "@angular/platform-browser": {
      "src": "../../../../../node_modules/@angular/platform-browser/fesm2022/platform-browser.mjs",
      "file": "@angular_platform-browser.js",
      "fileHash": "96cc223f",
      "needsInterop": false
    },
    "@angular/platform-browser/animations/async": {
      "src": "../../../../../node_modules/@angular/platform-browser/fesm2022/animations/async.mjs",
      "file": "@angular_platform-browser_animations_async.js",
      "fileHash": "f64d4a1a",
      "needsInterop": false
    },
    "@angular/router": {
      "src": "../../../../../node_modules/@angular/router/fesm2022/router.mjs",
      "file": "@angular_router.js",
      "fileHash": "0594f4f0",
      "needsInterop": false
    },
    "jspdf": {
      "src": "../../../../../node_modules/jspdf/dist/jspdf.es.min.js",
      "file": "jspdf.js",
      "fileHash": "0f3c27d1",
      "needsInterop": false
    },
    "rxjs": {
      "src": "../../../../../node_modules/rxjs/dist/esm5/index.js",
      "file": "rxjs.js",
      "fileHash": "b71a6931",
      "needsInterop": false
    },
    "ng2-charts": {
      "src": "../../../../../node_modules/ng2-charts/fesm2022/ng2-charts.mjs",
      "file": "ng2-charts.js",
      "fileHash": "8a5fbea2",
      "needsInterop": false
    },
    "chart.js": {
      "src": "../../../../../node_modules/chart.js/dist/chart.js",
      "file": "chart__js.js",
      "fileHash": "e06ff3f0",
      "needsInterop": false
    }
  },
  "chunks": {
    "browser-GHAMZGRU": {
      "file": "browser-GHAMZGRU.js"
    },
    "html2canvas.esm-SNO5JG77": {
      "file": "html2canvas__esm-SNO5JG77.js"
    },
    "purify.es-YAXFVWPX": {
      "file": "purify__es-YAXFVWPX.js"
    },
    "index.es-5FPXBD56": {
      "file": "index__es-5FPXBD56.js"
    },
    "chunk-UMXKHIZH": {
      "file": "chunk-UMXKHIZH.js"
    },
    "chunk-B4UIN34G": {
      "file": "chunk-B4UIN34G.js"
    },
    "chunk-TO27ZWJJ": {
      "file": "chunk-TO27ZWJJ.js"
    },
    "chunk-OJEEMNCC": {
      "file": "chunk-OJEEMNCC.js"
    },
    "chunk-IIKGYSFG": {
      "file": "chunk-IIKGYSFG.js"
    },
    "chunk-E7REK372": {
      "file": "chunk-E7REK372.js"
    },
    "chunk-R355ZLMU": {
      "file": "chunk-R355ZLMU.js"
    },
    "chunk-Z2342QND": {
      "file": "chunk-Z2342QND.js"
    },
    "chunk-KJ3VFLGN": {
      "file": "chunk-KJ3VFLGN.js"
    },
    "chunk-65XPYRFA": {
      "file": "chunk-65XPYRFA.js"
    },
    "chunk-KRIWVX2L": {
      "file": "chunk-KRIWVX2L.js"
    },
    "chunk-4J25ECOH": {
      "file": "chunk-4J25ECOH.js"
    },
    "chunk-ASLTLD6L": {
      "file": "chunk-ASLTLD6L.js"
    }
  }
}